R_Sigma,R_Mean,R^2_train,R^2_test,Mse_train,Mse_test
0.046086392,-0.003657671,0.979592569,0.979407699,0.002257593,0.002272682
